Tri ;Année ;Périmètre juridique ;Legal perimeter ;Périmètre spatial             ;country                    ;Filière        ;Sector                   ;Type d'énergie ;Type of energy ;Production            ;Unité ;Méthode de consolidation ;Consolidation method
  1 ; 2022 ;Groupe EDF          ;EDF group       ;Afrique du Sud                ;South Africa               ;Éolienne       ;Wind                     ;Électrique     ;Electric       ;   220.9443768        ;GWh   ;Nette                    ;Net
  2 ; 2022 ;Groupe EDF          ;EDF group       ;Allemagne                     ;Germany                    ;Hydraulique    ;Hydraulic                ;Électrique     ;Electric       ;   340.726            ;GWh   ;Nette                    ;Net
  3 ; 2022 ;Groupe EDF          ;EDF group       ;Allemagne                     ;Germany                    ;Éolienne       ;Wind                     ;Électrique     ;Electric       ;   230.209999999999   ;GWh   ;Nette                    ;Net
  4 ; 2022 ;Groupe EDF          ;EDF group       ;Belgique                      ;Belgium                    ;Nucléaire      ;Nuclear                  ;Électrique     ;Electric       ;  4438.4810861        ;GWh   ;Nette                    ;Net
  5 ; 2022 ;Groupe EDF          ;EDF group       ;Belgique                      ;Belgium                    ;Gaz            ;Gas                      ;Électrique     ;Electric       ;  1694.419796         ;GWh   ;Nette                    ;Net
  6 ; 2022 ;Groupe EDF          ;EDF group       ;Belgique                      ;Belgium                    ;Hydraulique    ;Hydraulic                ;Électrique     ;Electric       ;   112.3548593        ;GWh   ;Nette                    ;Net
  7 ; 2022 ;Groupe EDF          ;EDF group       ;Belgique                      ;Belgium                    ;Éolienne       ;Wind                     ;Électrique     ;Electric       ;   795.52022          ;GWh   ;Nette                    ;Net
  8 ; 2022 ;Groupe EDF          ;EDF group       ;Belgique                      ;Belgium                    ;Solaire        ;Solar                    ;Électrique     ;Electric       ;     0.2113804        ;GWh   ;Nette                    ;Net
  9 ; 2022 ;Groupe EDF          ;EDF group       ;Belgique                      ;Belgium                    ;Gaz            ;Gas                      ;Chaleur        ;Heat           ;    43.2547438        ;GWh   ;Nette                    ;Net
 10 ; 2022 ;Groupe EDF          ;EDF group       ;Brésil                        ;Brazil                     ;Gaz            ;Gas                      ;Électrique     ;Electric       ;  1480.3529191        ;GWh   ;Nette                    ;Net
 11 ; 2022 ;Groupe EDF          ;EDF group       ;Brésil                        ;Brazil                     ;Hydraulique    ;Hydraulic                ;Électrique     ;Electric       ;   829.0978557        ;GWh   ;Nette                    ;Net
 12 ; 2022 ;Groupe EDF          ;EDF group       ;Brésil                        ;Brazil                     ;Éolienne       ;Wind                     ;Électrique     ;Electric       ;  2520.9764           ;GWh   ;Nette                    ;Net
 13 ; 2022 ;Groupe EDF          ;EDF group       ;Brésil                        ;Brazil                     ;Solaire        ;Solar                    ;Électrique     ;Electric       ;   399.770999999999   ;GWh   ;Nette                    ;Net
 14 ; 2022 ;Groupe EDF          ;EDF group       ;Canada                        ;Canada                     ;Éolienne       ;Wind                     ;Électrique     ;Electric       ;  2092.9918           ;GWh   ;Nette                    ;Net
 15 ; 2022 ;Groupe EDF          ;EDF group       ;Canada                        ;Canada                     ;Solaire        ;Solar                    ;Électrique     ;Electric       ;    43.6325           ;GWh   ;Nette                    ;Net
 16 ; 2022 ;Groupe EDF          ;EDF group       ;République populaire de Chine ;People's Republic of China ;Nucléaire      ;Nuclear                  ;Électrique     ;Electric       ;  3723.3              ;GWh   ;Nette                    ;Net
 17 ; 2022 ;Groupe EDF          ;EDF group       ;République populaire de Chine ;People's Republic of China ;Charbon        ;Coal                     ;Électrique     ;Electric       ;  8274.8603           ;GWh   ;Nette                    ;Net
 18 ; 2022 ;Groupe EDF          ;EDF group       ;République populaire de Chine ;People's Republic of China ;Éolienne       ;Wind                     ;Électrique     ;Electric       ;   995.5147601        ;GWh   ;Nette                    ;Net
 19 ; 2022 ;Groupe EDF          ;EDF group       ;République populaire de Chine ;People's Republic of China ;Solaire        ;Solar                    ;Électrique     ;Electric       ;   122.21948          ;GWh   ;Nette                    ;Net
 20 ; 2022 ;Groupe EDF          ;EDF group       ;République populaire de Chine ;People's Republic of China ;Biomasse       ;Biomass                  ;Électrique     ;Electric       ;     5.25             ;GWh   ;Nette                    ;Net
 21 ; 2022 ;Groupe EDF          ;EDF group       ;Espagne                       ;Spain                      ;Gaz            ;Gas                      ;Électrique     ;Electric       ;    24.9500250975     ;GWh   ;Nette                    ;Net
 22 ; 2022 ;Groupe EDF          ;EDF group       ;Espagne                       ;Spain                      ;Solaire        ;Solar                    ;Électrique     ;Electric       ;     3.3460093658571  ;GWh   ;Nette                    ;Net
 23 ; 2022 ;Groupe EDF          ;EDF group       ;Espagne                       ;Spain                      ;Gaz            ;Gas                      ;Chaleur        ;Heat           ;   176.06881563192    ;GWh   ;Nette                    ;Net
 24 ; 2022 ;Groupe EDF          ;EDF group       ;France                        ;France                     ;Nucléaire      ;Nuclear                  ;Électrique     ;Electric       ;278959.718            ;GWh   ;Nette                    ;Net
 25 ; 2022 ;Groupe EDF          ;EDF group       ;France                        ;France                     ;Charbon        ;Coal                     ;Électrique     ;Electric       ;  1703.49496          ;GWh   ;Nette                    ;Net
 26 ; 2022 ;Groupe EDF          ;EDF group       ;France                        ;France                     ;Fioul          ;Fioul                    ;Électrique     ;Electric       ;  5390.03786204645    ;GWh   ;Nette                    ;Net
 27 ; 2022 ;Groupe EDF          ;EDF group       ;France                        ;France                     ;Gaz            ;Gas                      ;Électrique     ;Electric       ; 11927.69618366       ;GWh   ;Nette                    ;Net
 28 ; 2022 ;Groupe EDF          ;EDF group       ;France                        ;France                     ;Hydraulique    ;Hydraulic                ;Électrique     ;Electric       ; 33999.2257128562     ;GWh   ;Nette                    ;Net
 29 ; 2022 ;Groupe EDF          ;EDF group       ;France                        ;France                     ;Éolienne       ;Wind                     ;Électrique     ;Electric       ;  3598.62006526509    ;GWh   ;Nette                    ;Net
 30 ; 2022 ;Groupe EDF          ;EDF group       ;France                        ;France                     ;Solaire        ;Solar                    ;Électrique     ;Electric       ;   525.600918499999   ;GWh   ;Nette                    ;Net
 31 ; 2022 ;Groupe EDF          ;EDF group       ;France                        ;France                     ;Géothermie     ;Geothermal               ;Électrique     ;Electric       ;     3.487984         ;GWh   ;Nette                    ;Net
 32 ; 2022 ;Groupe EDF          ;EDF group       ;France                        ;France                     ;Biomasse       ;Biomass                  ;Électrique     ;Electric       ;   867.85049882       ;GWh   ;Nette                    ;Net
 33 ; 2022 ;Groupe EDF          ;EDF group       ;France                        ;France                     ;Énergie marine ;Marine energy            ;Électrique     ;Electric       ;   548.784            ;GWh   ;Nette                    ;Net
 34 ; 2022 ;Groupe EDF          ;EDF group       ;France                        ;France                     ;Fioul          ;Fioul                    ;Chaleur        ;Heat           ;   231.0295005791     ;GWh   ;Nette                    ;Net
 35 ; 2022 ;Groupe EDF          ;EDF group       ;France                        ;France                     ;Gaz            ;Gas                      ;Chaleur        ;Heat           ; 13283.3729166654     ;GWh   ;Nette                    ;Net
 36 ; 2022 ;Groupe EDF          ;EDF group       ;France                        ;France                     ;Divers         ;Various                  ;Chaleur        ;Heat           ;    15.676611026416   ;GWh   ;Nette                    ;Net
 37 ; 2022 ;Groupe EDF          ;EDF group       ;France                        ;France                     ;Autres ENR     ;Other Renewable Energies ;Chaleur        ;Heat           ;  8731.28640905511    ;GWh   ;Nette                    ;Net
 38 ; 2022 ;Groupe EDF          ;EDF group       ;Grèce                         ;Greece                     ;Gaz            ;Gas                      ;Électrique     ;Electric       ;  1570.8301106685     ;GWh   ;Nette                    ;Net
 39 ; 2022 ;Groupe EDF          ;EDF group       ;Grèce                         ;Greece                     ;Éolienne       ;Wind                     ;Électrique     ;Electric       ;   506.721865774619   ;GWh   ;Nette                    ;Net
 40 ; 2022 ;Groupe EDF          ;EDF group       ;Grèce                         ;Greece                     ;Solaire        ;Solar                    ;Électrique     ;Electric       ;    73.8371193999999  ;GWh   ;Nette                    ;Net
 41 ; 2022 ;Groupe EDF          ;EDF group       ;Inde                          ;India                      ;Éolienne       ;Wind                     ;Électrique     ;Electric       ;   642.8216           ;GWh   ;Nette                    ;Net
 42 ; 2022 ;Groupe EDF          ;EDF group       ;Inde                          ;India                      ;Solaire        ;Solar                    ;Électrique     ;Electric       ;   541.730932499999   ;GWh   ;Nette                    ;Net
 43 ; 2022 ;Groupe EDF          ;EDF group       ;Israël                        ;Israel                     ;Solaire        ;Solar                    ;Électrique     ;Electric       ;   583.920865337999   ;GWh   ;Nette                    ;Net
 44 ; 2022 ;Groupe EDF          ;EDF group       ;Italie                        ;Italy                      ;Gaz            ;Gas                      ;Électrique     ;Electric       ; 15782.6176153403     ;GWh   ;Nette                    ;Net
 45 ; 2022 ;Groupe EDF          ;EDF group       ;Italie                        ;Italy                      ;Hydraulique    ;Hydraulic                ;Électrique     ;Electric       ;  1528.1519126507     ;GWh   ;Nette                    ;Net
 46 ; 2022 ;Groupe EDF          ;EDF group       ;Italie                        ;Italy                      ;Éolienne       ;Wind                     ;Électrique     ;Electric       ;   896.644733268748   ;GWh   ;Nette                    ;Net
 47 ; 2022 ;Groupe EDF          ;EDF group       ;Italie                        ;Italy                      ;Solaire        ;Solar                    ;Électrique     ;Electric       ;    57.9984733902504  ;GWh   ;Nette                    ;Net
 48 ; 2022 ;Groupe EDF          ;EDF group       ;Italie                        ;Italy                      ;Biomasse       ;Biomass                  ;Électrique     ;Electric       ;    18.7490010567     ;GWh   ;Nette                    ;Net
 49 ; 2022 ;Groupe EDF          ;EDF group       ;Italie                        ;Italy                      ;Divers         ;Various                  ;Électrique     ;Electric       ;    37.748028297      ;GWh   ;Nette                    ;Net
 50 ; 2022 ;Groupe EDF          ;EDF group       ;Italie                        ;Italy                      ;Fioul          ;Fioul                    ;Chaleur        ;Heat           ;     0.1765255        ;GWh   ;Nette                    ;Net
 51 ; 2022 ;Groupe EDF          ;EDF group       ;Italie                        ;Italy                      ;Gaz            ;Gas                      ;Chaleur        ;Heat           ;  2354.82029694584    ;GWh   ;Nette                    ;Net
 52 ; 2022 ;Groupe EDF          ;EDF group       ;Italie                        ;Italy                      ;Autres ENR     ;Other Renewable Energies ;Chaleur        ;Heat           ;    62.985594         ;GWh   ;Nette                    ;Net
 53 ; 2022 ;Groupe EDF          ;EDF group       ;Mexique                       ;Mexico                     ;Éolienne       ;Wind                     ;Électrique     ;Electric       ;   439.177484854999   ;GWh   ;Nette                    ;Net
 54 ; 2022 ;Groupe EDF          ;EDF group       ;Mexique                       ;Mexico                     ;Solaire        ;Solar                    ;Électrique     ;Electric       ;   248.086219909999   ;GWh   ;Nette                    ;Net
 55 ; 2022 ;Groupe EDF          ;EDF group       ;Pologne                       ;Poland                     ;Charbon        ;Coal                     ;Électrique     ;Electric       ;    13.759272         ;GWh   ;Nette                    ;Net
 56 ; 2022 ;Groupe EDF          ;EDF group       ;Pologne                       ;Poland                     ;Éolienne       ;Wind                     ;Électrique     ;Electric       ;   189.989327         ;GWh   ;Nette                    ;Net
 57 ; 2022 ;Groupe EDF          ;EDF group       ;Pologne                       ;Poland                     ;Divers         ;Various                  ;Électrique     ;Electric       ;    82.4385072        ;GWh   ;Nette                    ;Net
 58 ; 2022 ;Groupe EDF          ;EDF group       ;Pologne                       ;Poland                     ;Charbon        ;Coal                     ;Chaleur        ;Heat           ;   786.04784812       ;GWh   ;Nette                    ;Net
 59 ; 2022 ;Groupe EDF          ;EDF group       ;Pologne                       ;Poland                     ;Gaz            ;Gas                      ;Chaleur        ;Heat           ;    66.600318         ;GWh   ;Nette                    ;Net
 60 ; 2022 ;Groupe EDF          ;EDF group       ;Pologne                       ;Poland                     ;Divers         ;Various                  ;Chaleur        ;Heat           ;   105.04133736       ;GWh   ;Nette                    ;Net
 61 ; 2022 ;Groupe EDF          ;EDF group       ;Suisse                        ;Switzerland                ;Hydraulique    ;Hydraulic                ;Électrique     ;Electric       ;   160.0914618        ;GWh   ;Nette                    ;Net
 62 ; 2022 ;Groupe EDF          ;EDF group       ;Royaume-Uni                   ;United Kingdom             ;Nucléaire      ;Nuclear                  ;Électrique     ;Electric       ; 34880.0              ;GWh   ;Nette                    ;Net
 63 ; 2022 ;Groupe EDF          ;EDF group       ;Royaume-Uni                   ;United Kingdom             ;Charbon        ;Coal                     ;Électrique     ;Electric       ;    50.576            ;GWh   ;Nette                    ;Net
 64 ; 2022 ;Groupe EDF          ;EDF group       ;Royaume-Uni                   ;United Kingdom             ;Éolienne       ;Wind                     ;Électrique     ;Electric       ;   957.032754730999   ;GWh   ;Nette                    ;Net
 65 ; 2022 ;Groupe EDF          ;EDF group       ;Royaume-Uni                   ;United Kingdom             ;Solaire        ;Solar                    ;Électrique     ;Electric       ;     4.13888051999999 ;GWh   ;Nette                    ;Net
 66 ; 2022 ;Groupe EDF          ;EDF group       ;États-Unis                    ;United States of America   ;Éolienne       ;Wind                     ;Électrique     ;Electric       ; 12475.92442          ;GWh   ;Nette                    ;Net
 67 ; 2022 ;Groupe EDF          ;EDF group       ;États-Unis                    ;United States of America   ;Solaire        ;Solar                    ;Électrique     ;Electric       ;  2079.972            ;GWh   ;Nette                    ;Net
 68 ; 2022 ;Groupe EDF          ;EDF group       ;Viêt Nam                      ;Vietnam                    ;Gaz            ;Gas                      ;Électrique     ;Electric       ;  2536.79625          ;GWh   ;Nette                    ;Net
 69 ; 2022 ;Groupe EDF          ;EDF group       ;Viêt Nam                      ;Vietnam                    ;Solaire        ;Solar                    ;Électrique     ;Electric       ;    34.0636945        ;GWh   ;Nette                    ;Net
 70 ; 2022 ;Groupe EDF          ;EDF group       ;Pays-Bas                      ;Netherlands                ;Gaz            ;Gas                      ;Électrique     ;Electric       ;  1488.1              ;GWh   ;Nette                    ;Net
 71 ; 2022 ;Groupe EDF          ;EDF group       ;Chili                         ;Chile                      ;Fioul          ;Fioul                    ;Électrique     ;Electric       ;    85.1              ;GWh   ;Nette                    ;Net
 72 ; 2022 ;Groupe EDF          ;EDF group       ;Chili                         ;Chile                      ;Gaz            ;Gas                      ;Électrique     ;Electric       ;   799.995            ;GWh   ;Nette                    ;Net
 73 ; 2022 ;Groupe EDF          ;EDF group       ;Chili                         ;Chile                      ;Éolienne       ;Wind                     ;Électrique     ;Electric       ;   162.68215          ;GWh   ;Nette                    ;Net
 74 ; 2022 ;Groupe EDF          ;EDF group       ;Chili                         ;Chile                      ;Solaire        ;Solar                    ;Électrique     ;Electric       ;   256.96975          ;GWh   ;Nette                    ;Net
 75 ; 2022 ;Groupe EDF          ;EDF group       ;Laos                          ;Laos                       ;Hydraulique    ;Hydraulic                ;Électrique     ;Electric       ;  1824.0              ;GWh   ;Nette                    ;Net
 76 ; 2022 ;Groupe EDF          ;EDF group       ;Maroc                         ;Morocco                    ;Éolienne       ;Wind                     ;Électrique     ;Electric       ;    87.6135536931     ;GWh   ;Nette                    ;Net
 77 ; 2022 ;Groupe EDF          ;EDF group       ;Maroc                         ;Morocco                    ;Autres ENR     ;Other Renewable Energies ;Chaleur        ;Heat           ;     5.55973282972181 ;GWh   ;Nette                    ;Net
 78 ; 2022 ;Groupe EDF          ;EDF group       ;Émirats arabes unis           ;United Arab Emirates       ;Solaire        ;Solar                    ;Électrique     ;Electric       ;   406.3106144        ;GWh   ;Nette                    ;Net
 79 ; 2022 ;Groupe EDF          ;EDF group       ;Égypte                        ;Egypt                      ;Solaire        ;Solar                    ;Électrique     ;Electric       ;   159.977130106      ;GWh   ;Nette                    ;Net
 80 ; 2022 ;Groupe EDF          ;EDF group       ;Autres pays                   ;Various countries          ;Éolienne       ;Wind                     ;Électrique     ;Electric       ;   529.265046         ;GWh   ;Nette                    ;Net
 81 ; 2022 ;Groupe EDF          ;EDF group       ;Monde                         ;World                      ;Nucléaire      ;Nuclear                  ;Électrique     ;Electric       ;327956.285            ;GWh   ;Intégration Globale      ;Full integration
 82 ; 2022 ;Groupe EDF          ;EDF group       ;Monde                         ;World                      ;Charbon        ;Coal                     ;Électrique     ;Electric       ;  1700.71             ;GWh   ;Intégration Globale      ;Full integration
 83 ; 2022 ;Groupe EDF          ;EDF group       ;Monde                         ;World                      ;Fioul          ;Fioul                    ;Électrique     ;Electric       ;  5259.19018204645    ;GWh   ;Intégration Globale      ;Full integration
 84 ; 2022 ;Groupe EDF          ;EDF group       ;Monde                         ;World                      ;Gaz            ;Gas                      ;Électrique     ;Electric       ; 36460.0095436532     ;GWh   ;Intégration Globale      ;Full integration
 85 ; 2022 ;Groupe EDF          ;EDF group       ;Monde                         ;World                      ;Hydraulique    ;Hydraulic                ;Électrique     ;Electric       ; 35005.7087338866     ;GWh   ;Intégration Globale      ;Full integration
 86 ; 2022 ;Groupe EDF          ;EDF group       ;Monde                         ;World                      ;Éolienne       ;Wind                     ;Électrique     ;Electric       ; 21223.5772677655     ;GWh   ;Intégration Globale      ;Full integration
 87 ; 2022 ;Groupe EDF          ;EDF group       ;Monde                         ;World                      ;Solaire        ;Solar                    ;Électrique     ;Electric       ;  2517.74490375988    ;GWh   ;Intégration Globale      ;Full integration
 88 ; 2022 ;Groupe EDF          ;EDF group       ;Monde                         ;World                      ;Géothermie     ;Geothermal               ;Électrique     ;Electric       ;     3.935            ;GWh   ;Intégration Globale      ;Full integration
 89 ; 2022 ;Groupe EDF          ;EDF group       ;Monde                         ;World                      ;Biomasse       ;Biomass                  ;Électrique     ;Electric       ;   923.887351         ;GWh   ;Intégration Globale      ;Full integration
 90 ; 2022 ;Groupe EDF          ;EDF group       ;Monde                         ;World                      ;Énergie marine ;Marine energy            ;Électrique     ;Electric       ;   548.784            ;GWh   ;Intégration Globale      ;Full integration
 91 ; 2022 ;Groupe EDF          ;EDF group       ;Monde                         ;World                      ;Divers         ;Various                  ;Électrique     ;Electric       ;   121.33541          ;GWh   ;Intégration Globale      ;Full integration
 92 ; 2022 ;Groupe EDF          ;EDF group       ;Monde                         ;World                      ;Charbon        ;Coal                     ;Chaleur        ;Heat           ;   793.1748           ;GWh   ;Intégration Globale      ;Full integration
 93 ; 2022 ;Groupe EDF          ;EDF group       ;Monde                         ;World                      ;Fioul          ;Fioul                    ;Chaleur        ;Heat           ;   231.349868166667   ;GWh   ;Intégration Globale      ;Full integration
 94 ; 2022 ;Groupe EDF          ;EDF group       ;Monde                         ;World                      ;Gaz            ;Gas                      ;Chaleur        ;Heat           ; 16027.5129972752     ;GWh   ;Intégration Globale      ;Full integration
 95 ; 2022 ;Groupe EDF          ;EDF group       ;Monde                         ;World                      ;Divers         ;Various                  ;Chaleur        ;Heat           ;   120.79042264       ;GWh   ;Intégration Globale      ;Full integration
 96 ; 2022 ;Groupe EDF          ;EDF group       ;Monde                         ;World                      ;Autres ENR     ;Other Renewable Energies ;Chaleur        ;Heat           ;  8801.97875962828    ;GWh   ;Intégration Globale      ;Full integration
 97 ; 2021 ;Groupe EDF          ;EDF group       ;Afrique du Sud                ;South Africa               ;Éolienne       ;Wind                     ;Électrique     ;Electric       ;   180.968205599999   ;GWh   ;Nette                    ;Net
 98 ; 2021 ;Groupe EDF          ;EDF group       ;Allemagne                     ;Germany                    ;Éolienne       ;Wind                     ;Électrique     ;Electric       ;   219.07617          ;GWh   ;Nette                    ;Net
 99 ; 2021 ;Groupe EDF          ;EDF group       ;Allemagne                     ;Germany                    ;Hydraulique    ;Hydraulic                ;Électrique     ;Electric       ;   396.932            ;GWh   ;Nette                    ;Net
100 ; 2021 ;Groupe EDF          ;EDF group       ;Belgique                      ;Belgium                    ;Hydraulique    ;Hydraulic                ;Électrique     ;Electric       ;   193.371888         ;GWh   ;Nette                    ;Net
101 ; 2021 ;Groupe EDF          ;EDF group       ;Belgique                      ;Belgium                    ;Gaz            ;Gas                      ;Électrique     ;Electric       ;  1742.851987         ;GWh   ;Nette                    ;Net
102 ; 2021 ;Groupe EDF          ;EDF group       ;Belgique                      ;Belgium                    ;Éolienne       ;Wind                     ;Électrique     ;Electric       ;   733.0635422        ;GWh   ;Nette                    ;Net
103 ; 2021 ;Groupe EDF          ;EDF group       ;Belgique                      ;Belgium                    ;Solaire        ;Solar                    ;Électrique     ;Electric       ;     1.557901         ;GWh   ;Nette                    ;Net
104 ; 2021 ;Groupe EDF          ;EDF group       ;Belgique                      ;Belgium                    ;Gaz            ;Gas                      ;Chaleur        ;Heat           ;    52.838237         ;GWh   ;Nette                    ;Net
105 ; 2021 ;Groupe EDF          ;EDF group       ;Belgique                      ;Belgium                    ;Nucléaire      ;Nuclear                  ;Électrique     ;Electric       ;  6352.035127         ;GWh   ;Nette                    ;Net
106 ; 2021 ;Groupe EDF          ;EDF group       ;Brésil                        ;Brazil                     ;Gaz            ;Gas                      ;Électrique     ;Electric       ;  7134.569485         ;GWh   ;Nette                    ;Net
107 ; 2021 ;Groupe EDF          ;EDF group       ;Brésil                        ;Brazil                     ;Hydraulique    ;Hydraulic                ;Électrique     ;Electric       ;   711.3072           ;GWh   ;Nette                    ;Net
108 ; 2021 ;Groupe EDF          ;EDF group       ;Brésil                        ;Brazil                     ;Éolienne       ;Wind                     ;Électrique     ;Electric       ;  1705.101015         ;GWh   ;Nette                    ;Net
109 ; 2021 ;Groupe EDF          ;EDF group       ;Brésil                        ;Brazil                     ;Solaire        ;Solar                    ;Électrique     ;Electric       ;   388.512325         ;GWh   ;Nette                    ;Net
110 ; 2021 ;Groupe EDF          ;EDF group       ;Canada                        ;Canada                     ;Éolienne       ;Wind                     ;Électrique     ;Electric       ;  2037.8922           ;GWh   ;Nette                    ;Net
111 ; 2021 ;Groupe EDF          ;EDF group       ;Canada                        ;Canada                     ;Solaire        ;Solar                    ;Électrique     ;Electric       ;    47.879            ;GWh   ;Nette                    ;Net
112 ; 2021 ;Groupe EDF          ;EDF group       ;République populaire de Chine ;People's Republic of China ;Nucléaire      ;Nuclear                  ;Électrique     ;Electric       ;  5546.1              ;GWh   ;Nette                    ;Net
113 ; 2021 ;Groupe EDF          ;EDF group       ;République populaire de Chine ;People's Republic of China ;Charbon        ;Coal                     ;Électrique     ;Electric       ;  9303.182            ;GWh   ;Nette                    ;Net
114 ; 2021 ;Groupe EDF          ;EDF group       ;République populaire de Chine ;People's Republic of China ;Éolienne       ;Wind                     ;Électrique     ;Electric       ;   727.422721599999   ;GWh   ;Nette                    ;Net
115 ; 2021 ;Groupe EDF          ;EDF group       ;République populaire de Chine ;People's Republic of China ;Solaire        ;Solar                    ;Électrique     ;Electric       ;   107.96545          ;GWh   ;Nette                    ;Net
116 ; 2021 ;Groupe EDF          ;EDF group       ;République populaire de Chine ;People's Republic of China ;Biomasse       ;Biomass                  ;Électrique     ;Electric       ;   103.35             ;GWh   ;Nette                    ;Net
117 ; 2021 ;Groupe EDF          ;EDF group       ;Espagne                       ;Spain                      ;Gaz            ;Gas                      ;Électrique     ;Electric       ;    38.3074229948852  ;GWh   ;Nette                    ;Net
118 ; 2021 ;Groupe EDF          ;EDF group       ;Espagne                       ;Spain                      ;Solaire        ;Solar                    ;Électrique     ;Electric       ;     1.66692764197755 ;GWh   ;Nette                    ;Net
119 ; 2021 ;Groupe EDF          ;EDF group       ;Espagne                       ;Spain                      ;Gaz            ;Gas                      ;Chaleur        ;Heat           ;   175.447433705546   ;GWh   ;Nette                    ;Net
120 ; 2021 ;Groupe EDF          ;EDF group       ;France                        ;France                     ;Nucléaire      ;Nuclear                  ;Électrique     ;Electric       ;354394.205            ;GWh   ;Nette                    ;Net
121 ; 2021 ;Groupe EDF          ;EDF group       ;France                        ;France                     ;Charbon        ;Coal                     ;Électrique     ;Electric       ;  3097.606            ;GWh   ;Nette                    ;Net
122 ; 2021 ;Groupe EDF          ;EDF group       ;France                        ;France                     ;Fioul          ;Fioul                    ;Électrique     ;Electric       ;  5218.7929           ;GWh   ;Nette                    ;Net
123 ; 2021 ;Groupe EDF          ;EDF group       ;France                        ;France                     ;Gaz            ;Gas                      ;Électrique     ;Electric       ;  9800.98476508       ;GWh   ;Nette                    ;Net
124 ; 2021 ;Groupe EDF          ;EDF group       ;France                        ;France                     ;Hydraulique    ;Hydraulic                ;Électrique     ;Electric       ; 43330.7899136        ;GWh   ;Nette                    ;Net
125 ; 2021 ;Groupe EDF          ;EDF group       ;France                        ;France                     ;Éolienne       ;Wind                     ;Électrique     ;Electric       ;  3396.2569246        ;GWh   ;Nette                    ;Net
126 ; 2021 ;Groupe EDF          ;EDF group       ;France                        ;France                     ;Solaire        ;Solar                    ;Électrique     ;Electric       ;   349.848924399999   ;GWh   ;Nette                    ;Net
127 ; 2021 ;Groupe EDF          ;EDF group       ;France                        ;France                     ;Géothermie     ;Geothermal               ;Électrique     ;Electric       ;     3.7459264        ;GWh   ;Nette                    ;Net
128 ; 2021 ;Groupe EDF          ;EDF group       ;France                        ;France                     ;Biomasse       ;Biomass                  ;Électrique     ;Electric       ;   767.7651405        ;GWh   ;Nette                    ;Net
129 ; 2021 ;Groupe EDF          ;EDF group       ;France                        ;France                     ;Énergie marine ;Marine energy            ;Électrique     ;Electric       ;   543.049            ;GWh   ;Nette                    ;Net
130 ; 2021 ;Groupe EDF          ;EDF group       ;France                        ;France                     ;Divers         ;Various                  ;Électrique     ;Electric       ;   118.988564         ;GWh   ;Nette                    ;Net
131 ; 2021 ;Groupe EDF          ;EDF group       ;France                        ;France                     ;Charbon        ;Coal                     ;Chaleur        ;Heat           ;    15.6710738195347  ;GWh   ;Nette                    ;Net
132 ; 2021 ;Groupe EDF          ;EDF group       ;France                        ;France                     ;Fioul          ;Fioul                    ;Chaleur        ;Heat           ;   221.085093684972   ;GWh   ;Nette                    ;Net
133 ; 2021 ;Groupe EDF          ;EDF group       ;France                        ;France                     ;Gaz            ;Gas                      ;Chaleur        ;Heat           ; 14597.6366149675     ;GWh   ;Nette                    ;Net
134 ; 2021 ;Groupe EDF          ;EDF group       ;France                        ;France                     ;Divers         ;Various                  ;Chaleur        ;Heat           ;   374.620492381667   ;GWh   ;Nette                    ;Net
135 ; 2021 ;Groupe EDF          ;EDF group       ;France                        ;France                     ;Autres ENR     ;Other Renewable Energies ;Chaleur        ;Heat           ;  7848.24067660148    ;GWh   ;Nette                    ;Net
136 ; 2021 ;Groupe EDF          ;EDF group       ;Grèce                         ;Greece                     ;Gaz            ;gas                      ;Électrique     ;Electric       ;  1834.07063205       ;GWh   ;Nette                    ;Net
137 ; 2021 ;Groupe EDF          ;EDF group       ;Grèce                         ;Greece                     ;Éolienne       ;Wind                     ;Électrique     ;Electric       ;   509.05868721103    ;GWh   ;Nette                    ;Net
138 ; 2021 ;Groupe EDF          ;EDF group       ;Grèce                         ;Greece                     ;Solaire        ;Solar                    ;Électrique     ;Electric       ;    18.578882         ;GWh   ;Nette                    ;Net
139 ; 2021 ;Groupe EDF          ;EDF group       ;Inde                          ;India                      ;Éolienne       ;Wind                     ;Électrique     ;Electric       ;   513.8141           ;GWh   ;Nette                    ;Net
140 ; 2021 ;Groupe EDF          ;EDF group       ;Inde                          ;India                      ;Solaire        ;Solar                    ;Électrique     ;Electric       ;   275.64825675       ;GWh   ;Nette                    ;Net
141 ; 2021 ;Groupe EDF          ;EDF group       ;Israël                        ;Israel                     ;Solaire        ;Solar                    ;Électrique     ;Electric       ;   495.00525894       ;GWh   ;Nette                    ;Net
142 ; 2021 ;Groupe EDF          ;EDF group       ;Italie                        ;Italy                      ;Gaz            ;Gas                      ;Électrique     ;Electric       ; 12367.0822525502     ;GWh   ;Nette                    ;Net
143 ; 2021 ;Groupe EDF          ;EDF group       ;Italie                        ;Italy                      ;Hydraulique    ;Hydraulic                ;Électrique     ;Electric       ;  2810.61188441179    ;GWh   ;Nette                    ;Net
144 ; 2021 ;Groupe EDF          ;EDF group       ;Italie                        ;Italy                      ;Éolienne       ;Wind                     ;Électrique     ;Electric       ;  1478.72093          ;GWh   ;Nette                    ;Net
145 ; 2021 ;Groupe EDF          ;EDF group       ;Italie                        ;Italy                      ;Solaire        ;Solar                    ;Électrique     ;Electric       ;   102.232557         ;GWh   ;Nette                    ;Net
146 ; 2021 ;Groupe EDF          ;EDF group       ;Italie                        ;Italy                      ;Biomasse       ;Biomass                  ;Électrique     ;Electric       ;    18.2961393        ;GWh   ;Nette                    ;Net
147 ; 2021 ;Groupe EDF          ;EDF group       ;Italie                        ;Italy                      ;Divers         ;Various                  ;Électrique     ;Electric       ;    32.61783126       ;GWh   ;Nette                    ;Net
148 ; 2021 ;Groupe EDF          ;EDF group       ;Italie                        ;Italy                      ;Fioul          ;Fioul                    ;Chaleur        ;Heat           ;     0.261985070406   ;GWh   ;Nette                    ;Net
149 ; 2021 ;Groupe EDF          ;EDF group       ;Italie                        ;Italy                      ;Gaz            ;Gas                      ;Chaleur        ;Heat           ;  2884.812111         ;GWh   ;Nette                    ;Net
150 ; 2021 ;Groupe EDF          ;EDF group       ;Italie                        ;Italy                      ;Autres ENR     ;Other Renewable Energies ;Chaleur        ;Heat           ;    70.008721075038   ;GWh   ;Nette                    ;Net
151 ; 2021 ;Groupe EDF          ;EDF group       ;Mexique                       ;Mexico                     ;Éolienne       ;Wind                     ;Électrique     ;Electric       ;   469.420227999999   ;GWh   ;Nette                    ;Net
152 ; 2021 ;Groupe EDF          ;EDF group       ;Mexique                       ;Mexico                     ;Solaire        ;Solar                    ;Électrique     ;Electric       ;   257.13958955       ;GWh   ;Nette                    ;Net
153 ; 2021 ;Groupe EDF          ;EDF group       ;Pologne                       ;Poland                     ;Charbon        ;Coal                     ;Électrique     ;Electric       ;    24.9153344358     ;GWh   ;Nette                    ;Net
154 ; 2021 ;Groupe EDF          ;EDF group       ;Pologne                       ;Poland                     ;Éolienne       ;Wind                     ;Électrique     ;Electric       ;    24.8              ;GWh   ;Nette                    ;Net
155 ; 2021 ;Groupe EDF          ;EDF group       ;Pologne                       ;Poland                     ;Divers         ;Various                  ;Électrique     ;Electric       ;    79.027555         ;GWh   ;Nette                    ;Net
156 ; 2021 ;Groupe EDF          ;EDF group       ;Pologne                       ;Poland                     ;Charbon        ;Coal                     ;Chaleur        ;Heat           ;   869.8818252932     ;GWh   ;Nette                    ;Net
157 ; 2021 ;Groupe EDF          ;EDF group       ;Pologne                       ;Poland                     ;Gaz            ;Gas                      ;Chaleur        ;Heat           ;    90.284067384      ;GWh   ;Nette                    ;Net
158 ; 2021 ;Groupe EDF          ;EDF group       ;Pologne                       ;Poland                     ;Divers         ;Various                  ;Chaleur        ;Heat           ;   152.963926544      ;GWh   ;Nette                    ;Net
159 ; 2021 ;Groupe EDF          ;EDF group       ;Portugal                      ;Portugal                   ;Éolienne       ;Wind                     ;Électrique     ;Electric       ;   359.538648566      ;GWh   ;Nette                    ;Net
160 ; 2021 ;Groupe EDF          ;EDF group       ;Suisse                        ;Switzerland                ;Hydraulique    ;Hydraulic                ;Électrique     ;Electric       ;   268.5108327        ;GWh   ;Nette                    ;Net
161 ; 2021 ;Groupe EDF          ;EDF group       ;Turquie                       ;Turkey                     ;Éolienne       ;Wind                     ;Électrique     ;Electric       ;   372.081            ;GWh   ;Nette                    ;Net
162 ; 2021 ;Groupe EDF          ;EDF group       ;Turquie                       ;Turkey                     ;Solaire        ;Solar                    ;Électrique     ;Electric       ;    14.638            ;GWh   ;Nette                    ;Net
163 ; 2021 ;Groupe EDF          ;EDF group       ;Royaume-Uni                   ;United Kingdom             ;Nucléaire      ;Nuclear                  ;Électrique     ;Electric       ; 33368.0              ;GWh   ;Nette                    ;Net
164 ; 2021 ;Groupe EDF          ;EDF group       ;Royaume-Uni                   ;United Kingdom             ;Charbon        ;Coal                     ;Électrique     ;Electric       ;   490.479            ;GWh   ;Nette                    ;Net
165 ; 2021 ;Groupe EDF          ;EDF group       ;Royaume-Uni                   ;United Kingdom             ;Gaz            ;Gas                      ;Électrique     ;Electric       ;  2601.427            ;GWh   ;Nette                    ;Net
166 ; 2021 ;Groupe EDF          ;EDF group       ;Royaume-Uni                   ;United Kingdom             ;Éolienne       ;Wind                     ;Électrique     ;Electric       ;   881.67595550614    ;GWh   ;Nette                    ;Net
167 ; 2021 ;Groupe EDF          ;EDF group       ;Royaume-Uni                   ;United Kingdom             ;Biomasse       ;Biomass                  ;Électrique     ;Electric       ;    13.7402509        ;GWh   ;Nette                    ;Net
168 ; 2021 ;Groupe EDF          ;EDF group       ;Royaume-Uni                   ;United Kingdom             ;Divers         ;Various                  ;Chaleur        ;Heat           ;     1.708974         ;GWh   ;Nette                    ;Net
169 ; 2021 ;Groupe EDF          ;EDF group       ;Royaume-Uni                   ;United Kingdom             ;Autres ENR     ;Other Renewable Energies ;Chaleur        ;Heat           ;     1.708974         ;GWh   ;Nette                    ;Net
170 ; 2021 ;Groupe EDF          ;EDF group       ;États-Unis                    ;United States of America   ;Nucléaire      ;Nuclear                  ;Électrique     ;Electric       ; 10105.9784           ;GWh   ;Nette                    ;Net
171 ; 2021 ;Groupe EDF          ;EDF group       ;États-Unis                    ;United States of America   ;Éolienne       ;Wind                     ;Électrique     ;Electric       ; 10627.3083452298     ;GWh   ;Nette                    ;Net
172 ; 2021 ;Groupe EDF          ;EDF group       ;États-Unis                    ;United States of America   ;Solaire        ;Solar                    ;Électrique     ;Electric       ;  1277.17935122426    ;GWh   ;Nette                    ;Net
173 ; 2021 ;Groupe EDF          ;EDF group       ;Viêt Nam                      ;Vietnam                    ;Gaz            ;Gas                      ;Électrique     ;Electric       ;  2205.0545625        ;GWh   ;Nette                    ;Net
174 ; 2021 ;Groupe EDF          ;EDF group       ;Pays-Bas                      ;Netherlands                ;Gaz            ;Gas                      ;Électrique     ;Electric       ;  1743.5              ;GWh   ;Nette                    ;Net
175 ; 2021 ;Groupe EDF          ;EDF group       ;Chili                         ;Chile                      ;Fioul          ;Fioul                    ;Électrique     ;Electric       ;   261.06             ;GWh   ;Nette                    ;Net
176 ; 2021 ;Groupe EDF          ;EDF group       ;Chili                         ;Chile                      ;Gaz            ;Gas                      ;Électrique     ;Electric       ;   378.03             ;GWh   ;Nette                    ;Net
177 ; 2021 ;Groupe EDF          ;EDF group       ;Chili                         ;Chile                      ;Éolienne       ;Wind                     ;Électrique     ;Electric       ;   153.0923           ;GWh   ;Nette                    ;Net
178 ; 2021 ;Groupe EDF          ;EDF group       ;Chili                         ;Chile                      ;Solaire        ;Solar                    ;Électrique     ;Electric       ;   280.2596           ;GWh   ;Nette                    ;Net
179 ; 2021 ;Groupe EDF          ;EDF group       ;Laos                          ;Laos                       ;Hydraulique    ;Hydraulic                ;Électrique     ;Electric       ;  1904.0              ;GWh   ;Nette                    ;Net
180 ; 2021 ;Groupe EDF          ;EDF group       ;Maroc                         ;Morocco                    ;Autres ENR     ;Other Renewable Energies ;Chaleur        ;Heat           ;     5.80065185224181 ;GWh   ;Nette                    ;Net
181 ; 2021 ;Groupe EDF          ;EDF group       ;Émirats arabes unis           ;United Arab Emirates       ;Solaire        ;Solar                    ;Électrique     ;Electric       ;   392.0816053216     ;GWh   ;Nette                    ;Net
182 ; 2021 ;Groupe EDF          ;EDF group       ;Égypte                        ;Egypt                      ;Solaire        ;Solar                    ;Électrique     ;Electric       ;   152.6506371352     ;GWh   ;Nette                    ;Net
183 ; 2021 ;Groupe EDF          ;EDF group       ;Monde                         ;World                      ;Nucléaire      ;Nuclear                  ;Électrique     ;Electric       ;409754.842            ;GWh   ;Intégration Globale      ;Full integration
184 ; 2021 ;Groupe EDF          ;EDF group       ;Monde                         ;World                      ;Charbon        ;Coal                     ;Électrique     ;Electric       ;  3530.525974         ;GWh   ;Intégration Globale      ;Full integration
185 ; 2021 ;Groupe EDF          ;EDF group       ;Monde                         ;World                      ;Fioul          ;Fioul                    ;Électrique     ;Electric       ;  5093.9829           ;GWh   ;Intégration Globale      ;Full integration
186 ; 2021 ;Groupe EDF          ;EDF group       ;Monde                         ;World                      ;Gaz            ;Gas                      ;Électrique     ;Electric       ; 37994.7712306171     ;GWh   ;Intégration Globale      ;Full integration
187 ; 2021 ;Groupe EDF          ;EDF group       ;Monde                         ;World                      ;Hydraulique    ;Hydraulic                ;Électrique     ;Electric       ; 45593.9793362463     ;GWh   ;Intégration Globale      ;Full integration
188 ; 2021 ;Groupe EDF          ;EDF group       ;Monde                         ;World                      ;Éolienne       ;Wind                     ;Électrique     ;Electric       ; 18302.7495813679     ;GWh   ;Intégration Globale      ;Full integration
189 ; 2021 ;Groupe EDF          ;EDF group       ;Monde                         ;World                      ;Solaire        ;Solar                    ;Électrique     ;Electric       ;  1775.89332839208    ;GWh   ;Intégration Globale      ;Full integration
190 ; 2021 ;Groupe EDF          ;EDF group       ;Monde                         ;World                      ;Géothermie     ;Geothermal               ;Électrique     ;Electric       ;     4.226            ;GWh   ;Intégration Globale      ;Full integration
191 ; 2021 ;Groupe EDF          ;EDF group       ;Monde                         ;World                      ;Biomasse       ;Biomass                  ;Électrique     ;Electric       ;   834.817            ;GWh   ;Intégration Globale      ;Full integration
192 ; 2021 ;Groupe EDF          ;EDF group       ;Monde                         ;World                      ;Énergie marine ;Marine energy            ;Électrique     ;Electric       ;   543.049            ;GWh   ;Intégration Globale      ;Full integration
193 ; 2021 ;Groupe EDF          ;EDF group       ;Monde                         ;World                      ;Divers         ;Various                  ;Électrique     ;Electric       ;   231.6978           ;GWh   ;Intégration Globale      ;Full integration
194 ; 2021 ;Groupe EDF          ;EDF group       ;Monde                         ;World                      ;Charbon        ;Coal                     ;Chaleur        ;Heat           ;   893.6186781088     ;GWh   ;Intégration Globale      ;Full integration
195 ; 2021 ;Groupe EDF          ;EDF group       ;Monde                         ;World                      ;Fioul          ;Fioul                    ;Chaleur        ;Heat           ;   221.4874395596     ;GWh   ;Intégration Globale      ;Full integration
196 ; 2021 ;Groupe EDF          ;EDF group       ;Monde                         ;World                      ;Gaz            ;Gas                      ;Chaleur        ;Heat           ; 17928.4518488444     ;GWh   ;Intégration Globale      ;Full integration
197 ; 2021 ;Groupe EDF          ;EDF group       ;Monde                         ;World                      ;Divers         ;Various                  ;Chaleur        ;Heat           ;   529.61115962144    ;GWh   ;Intégration Globale      ;Full integration
198 ; 2021 ;Groupe EDF          ;EDF group       ;Monde                         ;World                      ;Autres ENR     ;Other Renewable Energies ;Chaleur        ;Heat           ;  7937.37494796156    ;GWh   ;Intégration Globale      ;Full integration
199 ; 2020 ;Groupe EDF          ;EDF group       ;Monde                         ;World                      ;Nucléaire      ;Nuclear                  ;Électrique     ;Electric       ;384099.389            ;GWh   ;Intégration Globale      ;Full integration
200 ; 2020 ;Groupe EDF          ;EDF group       ;Monde                         ;World                      ;Charbon        ;Coal                     ;Électrique     ;Electric       ;  2215.637818         ;GWh   ;Intégration Globale      ;Full integration
201 ; 2020 ;Groupe EDF          ;EDF group       ;Monde                         ;World                      ;Fioul          ;Fioul                    ;Électrique     ;Electric       ;  4574.865            ;GWh   ;Intégration Globale      ;Full integration
202 ; 2020 ;Groupe EDF          ;EDF group       ;Monde                         ;World                      ;Gaz            ;Gas                      ;Électrique     ;Electric       ; 41966.1881503        ;GWh   ;Intégration Globale      ;Full integration
203 ; 2020 ;Groupe EDF          ;EDF group       ;Monde                         ;World                      ;Hydraulique    ;Hydraulic                ;Électrique     ;Electric       ; 48820.1649888        ;GWh   ;Intégration Globale      ;Full integration
204 ; 2020 ;Groupe EDF          ;EDF group       ;Monde                         ;World                      ;Éolienne       ;Wind                     ;Électrique     ;Electric       ; 17172.7531941        ;GWh   ;Intégration Globale      ;Full integration
205 ; 2020 ;Groupe EDF          ;EDF group       ;Monde                         ;World                      ;Solaire        ;Solar                    ;Électrique     ;Electric       ;  1170.91221035       ;GWh   ;Intégration Globale      ;Full integration
206 ; 2020 ;Groupe EDF          ;EDF group       ;Monde                         ;World                      ;Géothermie     ;Geothermal               ;Électrique     ;Electric       ;     2.75             ;GWh   ;Intégration Globale      ;Full integration
207 ; 2020 ;Groupe EDF          ;EDF group       ;Monde                         ;World                      ;Biomasse       ;Biomass                  ;Électrique     ;Electric       ;   958.925964148      ;GWh   ;Intégration Globale      ;Full integration
208 ; 2020 ;Groupe EDF          ;EDF group       ;Monde                         ;World                      ;Énergie marine ;Marine energy            ;Électrique     ;Electric       ;   539.947            ;GWh   ;Intégration Globale      ;Full integration
209 ; 2020 ;Groupe EDF          ;EDF group       ;Monde                         ;World                      ;Divers         ;Various                  ;Électrique     ;Electric       ;   376.068884148      ;GWh   ;Intégration Globale      ;Full integration
210 ; 2020 ;Groupe EDF          ;EDF group       ;Monde                         ;World                      ;Charbon        ;Coal                     ;Chaleur        ;Heat           ;   888.784964         ;GWh   ;Intégration Globale      ;Full integration
211 ; 2020 ;Groupe EDF          ;EDF group       ;Monde                         ;World                      ;Fioul          ;Fioul                    ;Chaleur        ;Heat           ;   206.4564374        ;GWh   ;Intégration Globale      ;Full integration
212 ; 2020 ;Groupe EDF          ;EDF group       ;Monde                         ;World                      ;Gaz            ;Gas                      ;Chaleur        ;Heat           ; 15575.772128         ;GWh   ;Intégration Globale      ;Full integration
213 ; 2020 ;Groupe EDF          ;EDF group       ;Monde                         ;World                      ;Divers         ;Various                  ;Chaleur        ;Heat           ;   811.88562634       ;GWh   ;Intégration Globale      ;Full integration
214 ; 2020 ;Groupe EDF          ;EDF group       ;Monde                         ;World                      ;Autres ENR     ;Other Renewable Energies ;Chaleur        ;Heat           ;  8579.41488309       ;GWh   ;Intégration Globale      ;Full integration
215 ; 2020 ;Groupe EDF          ;EDF group       ;Belgique                      ;Belgium                    ;Nucléaire      ;Nuclear                  ;Électrique     ;Electric       ;  2119.0158449        ;GWh   ;Nette                    ;Net
216 ; 2020 ;Groupe EDF          ;EDF group       ;République populaire de Chine ;People's Republic of China ;Nucléaire      ;Nuclear                  ;Électrique     ;Electric       ;  6471.0              ;GWh   ;Nette                    ;Net
217 ; 2020 ;Groupe EDF          ;EDF group       ;France                        ;France                     ;Nucléaire      ;Nuclear                  ;Électrique     ;Electric       ;330004.38633          ;GWh   ;Nette                    ;Net
218 ; 2020 ;Groupe EDF          ;EDF group       ;Royaume-Uni                   ;United Kingdom             ;Nucléaire      ;Nuclear                  ;Électrique     ;Electric       ; 36533.6              ;GWh   ;Nette                    ;Net
219 ; 2020 ;Groupe EDF          ;EDF group       ;États-Unis                    ;United States of America   ;Nucléaire      ;Nuclear                  ;Électrique     ;Electric       ; 16607.737788         ;GWh   ;Nette                    ;Net
220 ; 2020 ;Groupe EDF          ;EDF group       ;République populaire de Chine ;People's Republic of China ;Charbon        ;Coal                     ;Électrique     ;Electric       ;  8697.09456          ;GWh   ;Nette                    ;Net
221 ; 2020 ;Groupe EDF          ;EDF group       ;France                        ;France                     ;Charbon        ;Coal                     ;Électrique     ;Electric       ;  1143.633            ;GWh   ;Nette                    ;Net
222 ; 2020 ;Groupe EDF          ;EDF group       ;Pologne                       ;Poland                     ;Charbon        ;Coal                     ;Électrique     ;Electric       ;    14.136894141      ;GWh   ;Nette                    ;Net
223 ; 2020 ;Groupe EDF          ;EDF group       ;Royaume-Uni                   ;United Kingdom             ;Charbon        ;Coal                     ;Électrique     ;Electric       ;  1161.638            ;GWh   ;Nette                    ;Net
224 ; 2020 ;Groupe EDF          ;EDF group       ;France                        ;France                     ;Fioul          ;Fioul                    ;Électrique     ;Electric       ;  4688.46812992       ;GWh   ;Nette                    ;Net
225 ; 2020 ;Groupe EDF          ;EDF group       ;Chili                         ;Chile                      ;Fioul          ;Fioul                    ;Électrique     ;Electric       ;    88.86             ;GWh   ;Nette                    ;Net
226 ; 2020 ;Groupe EDF          ;EDF group       ;Belgique                      ;Belgium                    ;Gaz            ;Gas                      ;Électrique     ;Electric       ;  2279.8288919        ;GWh   ;Nette                    ;Net
227 ; 2020 ;Groupe EDF          ;EDF group       ;Brésil                        ;Brazil                     ;Gaz            ;Gas                      ;Électrique     ;Electric       ;  5340.574716         ;GWh   ;Nette                    ;Net
228 ; 2020 ;Groupe EDF          ;EDF group       ;Espagne                       ;Spain                      ;Gaz            ;Gas                      ;Électrique     ;Electric       ;    31.5000013495     ;GWh   ;Nette                    ;Net
229 ; 2020 ;Groupe EDF          ;EDF group       ;France                        ;France                     ;Gaz            ;Gas                      ;Électrique     ;Electric       ; 10310.9313863        ;GWh   ;Nette                    ;Net
230 ; 2020 ;Groupe EDF          ;EDF group       ;Grèce                         ;Greece                     ;Gaz            ;Gas                      ;Électrique     ;Electric       ;  1607.71109725       ;GWh   ;Nette                    ;Net
231 ; 2020 ;Groupe EDF          ;EDF group       ;Italie                        ;Italy                      ;Gaz            ;Gas                      ;Électrique     ;Electric       ; 13457.6964766        ;GWh   ;Nette                    ;Net
232 ; 2020 ;Groupe EDF          ;EDF group       ;Royaume-Uni                   ;United Kingdom             ;Gaz            ;Gas                      ;Électrique     ;Electric       ;  4860.719            ;GWh   ;Nette                    ;Net
233 ; 2020 ;Groupe EDF          ;EDF group       ;Viêt Nam                      ;Vietnam                    ;Gaz            ;Gas                      ;Électrique     ;Electric       ;  2711.3158125        ;GWh   ;Nette                    ;Net
234 ; 2020 ;Groupe EDF          ;EDF group       ;Pays-Bas                      ;Netherlands                ;Gaz            ;Gas                      ;Électrique     ;Electric       ;  2513.4              ;GWh   ;Nette                    ;Net
235 ; 2020 ;Groupe EDF          ;EDF group       ;Chili                         ;Chile                      ;Gaz            ;Gas                      ;Électrique     ;Electric       ;   462.75             ;GWh   ;Nette                    ;Net
236 ; 2020 ;Groupe EDF          ;EDF group       ;Allemagne                     ;Germany                    ;Hydraulique    ;Hydraulic                ;Électrique     ;Electric       ;   380.45             ;GWh   ;Nette                    ;Net
237 ; 2020 ;Groupe EDF          ;EDF group       ;Belgique                      ;Belgium                    ;Hydraulique    ;Hydraulic                ;Électrique     ;Electric       ;   125.4618167        ;GWh   ;Nette                    ;Net
238 ; 2020 ;Groupe EDF          ;EDF group       ;Brésil                        ;Brazil                     ;Hydraulique    ;Hydraulic                ;Électrique     ;Electric       ;   300.8043342        ;GWh   ;Nette                    ;Net
239 ; 2020 ;Groupe EDF          ;EDF group       ;France                        ;France                     ;Hydraulique    ;Hydraulic                ;Électrique     ;Electric       ; 46097.316304         ;GWh   ;Nette                    ;Net
240 ; 2020 ;Groupe EDF          ;EDF group       ;Italie                        ;Italy                      ;Hydraulique    ;Hydraulic                ;Électrique     ;Electric       ;  3130.3704745        ;GWh   ;Nette                    ;Net
241 ; 2020 ;Groupe EDF          ;EDF group       ;Suisse                        ;Switzerland                ;Hydraulique    ;Hydraulic                ;Électrique     ;Electric       ;   292.589727         ;GWh   ;Nette                    ;Net
242 ; 2020 ;Groupe EDF          ;EDF group       ;Laos                          ;Laos                       ;Hydraulique    ;Hydraulic                ;Électrique     ;Electric       ;  2024.4              ;GWh   ;Nette                    ;Net
243 ; 2020 ;Groupe EDF          ;EDF group       ;Afrique du Sud                ;South Africa               ;Éolienne       ;Wind                     ;Électrique     ;Electric       ;   164.442            ;GWh   ;Nette                    ;Net
244 ; 2020 ;Groupe EDF          ;EDF group       ;Allemagne                     ;Germany                    ;Éolienne       ;Wind                     ;Électrique     ;Electric       ;   261.057            ;GWh   ;Nette                    ;Net
245 ; 2020 ;Groupe EDF          ;EDF group       ;Belgique                      ;Belgium                    ;Éolienne       ;Wind                     ;Électrique     ;Electric       ;   844.178341         ;GWh   ;Nette                    ;Net
246 ; 2020 ;Groupe EDF          ;EDF group       ;Brésil                        ;Brazil                     ;Éolienne       ;Wind                     ;Électrique     ;Electric       ;   879.915            ;GWh   ;Nette                    ;Net
247 ; 2020 ;Groupe EDF          ;EDF group       ;Canada                        ;Canada                     ;Éolienne       ;Wind                     ;Électrique     ;Electric       ;  2104.438            ;GWh   ;Nette                    ;Net
248 ; 2020 ;Groupe EDF          ;EDF group       ;République populaire de Chine ;People's Republic of China ;Éolienne       ;Wind                     ;Électrique     ;Electric       ;   392.015            ;GWh   ;Nette                    ;Net
249 ; 2020 ;Groupe EDF          ;EDF group       ;France                        ;France                     ;Éolienne       ;Wind                     ;Électrique     ;Electric       ;  3466.638208         ;GWh   ;Nette                    ;Net
250 ; 2020 ;Groupe EDF          ;EDF group       ;Grèce                         ;Greece                     ;Éolienne       ;Wind                     ;Électrique     ;Electric       ;   508.248            ;GWh   ;Nette                    ;Net
251 ; 2020 ;Groupe EDF          ;EDF group       ;Inde                          ;India                      ;Éolienne       ;Wind                     ;Électrique     ;Electric       ;   462.877            ;GWh   ;Nette                    ;Net
252 ; 2020 ;Groupe EDF          ;EDF group       ;Italie                        ;Italy                      ;Éolienne       ;Wind                     ;Électrique     ;Electric       ;   743.949074885      ;GWh   ;Nette                    ;Net
253 ; 2020 ;Groupe EDF          ;EDF group       ;Mexique                       ;Mexico                     ;Éolienne       ;Wind                     ;Électrique     ;Electric       ;   620.784            ;GWh   ;Nette                    ;Net
254 ; 2020 ;Groupe EDF          ;EDF group       ;Portugal                      ;Portugal                   ;Éolienne       ;Wind                     ;Électrique     ;Electric       ;   485.241            ;GWh   ;Nette                    ;Net
255 ; 2020 ;Groupe EDF          ;EDF group       ;Turquie                       ;Turkey                     ;Éolienne       ;Wind                     ;Électrique     ;Electric       ;   770.444            ;GWh   ;Nette                    ;Net
256 ; 2020 ;Groupe EDF          ;EDF group       ;Royaume-Uni                   ;United Kingdom             ;Éolienne       ;Wind                     ;Électrique     ;Electric       ;  1111.89660168       ;GWh   ;Nette                    ;Net
257 ; 2020 ;Groupe EDF          ;EDF group       ;États-Unis                    ;United States of America   ;Éolienne       ;Wind                     ;Électrique     ;Electric       ;  9377.013            ;GWh   ;Nette                    ;Net
258 ; 2020 ;Groupe EDF          ;EDF group       ;Chili                         ;Chile                      ;Éolienne       ;Wind                     ;Électrique     ;Electric       ;   171.533            ;GWh   ;Nette                    ;Net
259 ; 2020 ;Groupe EDF          ;EDF group       ;Belgique                      ;Belgium                    ;Solaire        ;Solar                    ;Électrique     ;Electric       ;     1.077491         ;GWh   ;Nette                    ;Net
260 ; 2020 ;Groupe EDF          ;EDF group       ;Brésil                        ;Brazil                     ;Solaire        ;Solar                    ;Électrique     ;Electric       ;   378.699            ;GWh   ;Nette                    ;Net
261 ; 2020 ;Groupe EDF          ;EDF group       ;Canada                        ;Canada                     ;Solaire        ;Solar                    ;Électrique     ;Electric       ;    46.024            ;GWh   ;Nette                    ;Net
262 ; 2020 ;Groupe EDF          ;EDF group       ;République populaire de Chine ;People's Republic of China ;Solaire        ;Solar                    ;Électrique     ;Electric       ;    98.859            ;GWh   ;Nette                    ;Net
263 ; 2020 ;Groupe EDF          ;EDF group       ;Espagne                       ;Spain                      ;Solaire        ;Solar                    ;Électrique     ;Electric       ;     0.625433719653   ;GWh   ;Nette                    ;Net
264 ; 2020 ;Groupe EDF          ;EDF group       ;France                        ;France                     ;Solaire        ;Solar                    ;Électrique     ;Electric       ;   293.78224712       ;GWh   ;Nette                    ;Net
265 ; 2020 ;Groupe EDF          ;EDF group       ;Grèce                         ;Greece                     ;Solaire        ;Solar                    ;Électrique     ;Electric       ;    20.167            ;GWh   ;Nette                    ;Net
266 ; 2020 ;Groupe EDF          ;EDF group       ;Inde                          ;India                      ;Solaire        ;Solar                    ;Électrique     ;Electric       ;   157.207            ;GWh   ;Nette                    ;Net
267 ; 2020 ;Groupe EDF          ;EDF group       ;Israël                        ;Israel                     ;Solaire        ;Solar                    ;Électrique     ;Electric       ;   373.695            ;GWh   ;Nette                    ;Net
268 ; 2020 ;Groupe EDF          ;EDF group       ;Italie                        ;Italy                      ;Solaire        ;Solar                    ;Électrique     ;Electric       ;   104.986866301      ;GWh   ;Nette                    ;Net
269 ; 2020 ;Groupe EDF          ;EDF group       ;Mexique                       ;Mexico                     ;Solaire        ;Solar                    ;Électrique     ;Electric       ;   261.347            ;GWh   ;Nette                    ;Net
270 ; 2020 ;Groupe EDF          ;EDF group       ;Turquie                       ;Turkey                     ;Solaire        ;Solar                    ;Électrique     ;Electric       ;    28.498            ;GWh   ;Nette                    ;Net
271 ; 2020 ;Groupe EDF          ;EDF group       ;États-Unis                    ;United States of America   ;Solaire        ;Solar                    ;Électrique     ;Electric       ;   529.315            ;GWh   ;Nette                    ;Net
272 ; 2020 ;Groupe EDF          ;EDF group       ;Chili                         ;Chile                      ;Solaire        ;Solar                    ;Électrique     ;Electric       ;   287.399            ;GWh   ;Nette                    ;Net
273 ; 2020 ;Groupe EDF          ;EDF group       ;Émirats arabes unis           ;United Arab Emirates       ;Solaire        ;Solar                    ;Électrique     ;Electric       ;   350.909            ;GWh   ;Nette                    ;Net
274 ; 2020 ;Groupe EDF          ;EDF group       ;Égypte                        ;Egypt                      ;Solaire        ;Solar                    ;Électrique     ;Electric       ;   148.867            ;GWh   ;Nette                    ;Net
275 ; 2020 ;Groupe EDF          ;EDF group       ;France                        ;France                     ;Géothermie     ;Geothermal               ;Électrique     ;Electric       ;     2.4376           ;GWh   ;Nette                    ;Net
276 ; 2020 ;Groupe EDF          ;EDF group       ;France                        ;France                     ;Biomasse       ;Biomass                  ;Électrique     ;Electric       ;   886.981992157      ;GWh   ;Nette                    ;Net
277 ; 2020 ;Groupe EDF          ;EDF group       ;Italie                        ;Italy                      ;Biomasse       ;Biomass                  ;Électrique     ;Electric       ;     8.96440601       ;GWh   ;Nette                    ;Net
278 ; 2020 ;Groupe EDF          ;EDF group       ;Royaume-Uni                   ;United Kingdom             ;Biomasse       ;Biomass                  ;Électrique     ;Electric       ;    27.4805018        ;GWh   ;Nette                    ;Net
279 ; 2020 ;Groupe EDF          ;EDF group       ;France                        ;France                     ;Énergie marine ;Marine energy            ;Électrique     ;Electric       ;   539.947            ;GWh   ;Nette                    ;Net
280 ; 2020 ;Groupe EDF          ;EDF group       ;France                        ;France                     ;Divers         ;Various                  ;Électrique     ;Electric       ;   237.977012217      ;GWh   ;Nette                    ;Net
281 ; 2020 ;Groupe EDF          ;EDF group       ;Italie                        ;Italy                      ;Divers         ;Various                  ;Électrique     ;Electric       ;    34.635679         ;GWh   ;Nette                    ;Net
282 ; 2020 ;Groupe EDF          ;EDF group       ;Pologne                       ;Poland                     ;Divers         ;Various                  ;Électrique     ;Electric       ;   102.3455558        ;GWh   ;Nette                    ;Net
283 ; 2020 ;Groupe EDF          ;EDF group       ;France                        ;France                     ;Charbon        ;Coal                     ;Chaleur        ;Heat           ;    14.40095424       ;GWh   ;Nette                    ;Net
284 ; 2020 ;Groupe EDF          ;EDF group       ;Pologne                       ;Poland                     ;Charbon        ;Coal                     ;Chaleur        ;Heat           ;   866.107452218      ;GWh   ;Nette                    ;Net
285 ; 2020 ;Groupe EDF          ;EDF group       ;France                        ;France                     ;Fioul          ;Fioul                    ;Chaleur        ;Heat           ;   206.146258188      ;GWh   ;Nette                    ;Net
286 ; 2020 ;Groupe EDF          ;EDF group       ;Italie                        ;Italy                      ;Fioul          ;Fioul                    ;Chaleur        ;Heat           ;     0.185155         ;GWh   ;Nette                    ;Net
287 ; 2020 ;Groupe EDF          ;EDF group       ;Belgique                      ;Belgium                    ;Gaz            ;Gas                      ;Chaleur        ;Heat           ;    42.770216         ;GWh   ;Nette                    ;Net
288 ; 2020 ;Groupe EDF          ;EDF group       ;Espagne                       ;Spain                      ;Gaz            ;Gas                      ;Chaleur        ;Heat           ;   170.693054642      ;GWh   ;Nette                    ;Net
289 ; 2020 ;Groupe EDF          ;EDF group       ;France                        ;France                     ;Gaz            ;Gas                      ;Chaleur        ;Heat           ; 12865.8171787        ;GWh   ;Nette                    ;Net
290 ; 2020 ;Groupe EDF          ;EDF group       ;Italie                        ;Italy                      ;Gaz            ;Gas                      ;Chaleur        ;Heat           ;  2368.34503079       ;GWh   ;Nette                    ;Net
291 ; 2020 ;Groupe EDF          ;EDF group       ;Pologne                       ;Poland                     ;Gaz            ;Gas                      ;Chaleur        ;Heat           ;    33.555013072      ;GWh   ;Nette                    ;Net
292 ; 2020 ;Groupe EDF          ;EDF group       ;France                        ;France                     ;Divers         ;Various                  ;Chaleur        ;Heat           ;   672.268023364      ;GWh   ;Nette                    ;Net
293 ; 2020 ;Groupe EDF          ;EDF group       ;Pologne                       ;Poland                     ;Divers         ;Various                  ;Chaleur        ;Heat           ;   135.813463         ;GWh   ;Nette                    ;Net
294 ; 2020 ;Groupe EDF          ;EDF group       ;Royaume-Uni                   ;United Kingdom             ;Divers         ;Various                  ;Chaleur        ;Heat           ;     3.3170086        ;GWh   ;Nette                    ;Net
295 ; 2020 ;Groupe EDF          ;EDF group       ;France                        ;France                     ;Autres ENR     ;Other Renewable Energies ;Chaleur        ;Heat           ;  8524.77091302       ;GWh   ;Nette                    ;Net
296 ; 2020 ;Groupe EDF          ;EDF group       ;Italie                        ;Italy                      ;Autres ENR     ;Other Renewable Energies ;Chaleur        ;Heat           ;    46.3896053318     ;GWh   ;Nette                    ;Net
297 ; 2020 ;Groupe EDF          ;EDF group       ;Royaume-Uni                   ;United Kingdom             ;Autres ENR     ;Other Renewable Energies ;Chaleur        ;Heat           ;     3.3170086        ;GWh   ;Nette                    ;Net
298 ; 2020 ;Groupe EDF          ;EDF group       ;Maroc                         ;Morocco                    ;Autres ENR     ;Other Renewable Energies ;Chaleur        ;Heat           ;     6.714305         ;GWh   ;Nette                    ;Net
299 ; 2019 ;Groupe EDF          ;EDF group       ;Monde                         ;World                      ;Nucléaire      ;Nuclear                  ;Électrique     ;Electric       ;437559.881            ;GWh   ;Intégration Globale      ;Full integration
300 ; 2019 ;Groupe EDF          ;EDF group       ;Monde                         ;World                      ;Charbon        ;Coal                     ;Électrique     ;Electric       ;  3419.601355         ;GWh   ;Intégration Globale      ;Full integration
301 ; 2019 ;Groupe EDF          ;EDF group       ;Monde                         ;World                      ;Fioul          ;Fioul                    ;Électrique     ;Electric       ;  4700.341            ;GWh   ;Intégration Globale      ;Full integration
302 ; 2019 ;Groupe EDF          ;EDF group       ;Monde                         ;World                      ;Gaz            ;Gas                      ;Électrique     ;Electric       ; 49017.5960402        ;GWh   ;Intégration Globale      ;Full integration
303 ; 2019 ;Groupe EDF          ;EDF group       ;Monde                         ;World                      ;Hydraulique    ;Hydraulic                ;Électrique     ;Electric       ; 43707.4373898        ;GWh   ;Intégration Globale      ;Full integration
304 ; 2019 ;Groupe EDF          ;EDF group       ;Monde                         ;World                      ;Éolienne       ;Wind                     ;Électrique     ;Electric       ; 16010.1931933        ;GWh   ;Intégration Globale      ;Full integration
305 ; 2019 ;Groupe EDF          ;EDF group       ;Monde                         ;World                      ;Solaire        ;Solar                    ;Électrique     ;Electric       ;   973.304466156      ;GWh   ;Intégration Globale      ;Full integration
306 ; 2019 ;Groupe EDF          ;EDF group       ;Monde                         ;World                      ;Géothermie     ;Geothermal               ;Électrique     ;Electric       ;     4.19             ;GWh   ;Intégration Globale      ;Full integration
307 ; 2019 ;Groupe EDF          ;EDF group       ;Monde                         ;World                      ;Biomasse       ;Biomass                  ;Électrique     ;Electric       ;  1293.27982409       ;GWh   ;Intégration Globale      ;Full integration
308 ; 2019 ;Groupe EDF          ;EDF group       ;Monde                         ;World                      ;Énergie marine ;Marine energy            ;Électrique     ;Electric       ;   531.652            ;GWh   ;Intégration Globale      ;Full integration
309 ; 2019 ;Groupe EDF          ;EDF group       ;Monde                         ;World                      ;Divers         ;Various                  ;Électrique     ;Electric       ;   396.0715           ;GWh   ;Intégration Globale      ;Full integration
310 ; 2019 ;Groupe EDF          ;EDF group       ;Monde                         ;World                      ;Charbon        ;Coal                     ;Chaleur        ;Heat           ;   990.2814336        ;GWh   ;Intégration Globale      ;Full integration
311 ; 2019 ;Groupe EDF          ;EDF group       ;Monde                         ;World                      ;Fioul          ;Fioul                    ;Chaleur        ;Heat           ;   266.9434758        ;GWh   ;Intégration Globale      ;Full integration
312 ; 2019 ;Groupe EDF          ;EDF group       ;Monde                         ;World                      ;Gaz            ;Gas                      ;Chaleur        ;Heat           ; 17392.2508795        ;GWh   ;Intégration Globale      ;Full integration
313 ; 2019 ;Groupe EDF          ;EDF group       ;Monde                         ;World                      ;Divers         ;Various                  ;Chaleur        ;Heat           ;  3258.20326506       ;GWh   ;Intégration Globale      ;Full integration
314 ; 2019 ;Groupe EDF          ;EDF group       ;Monde                         ;World                      ;Autres ENR     ;Other Renewable Energies ;Chaleur        ;Heat           ;  8517.57675774       ;GWh   ;Intégration Globale      ;Full integration
315 ; 2019 ;Groupe EDF          ;EDF group       ;Belgique                      ;Belgium                    ;Nucléaire      ;Nuclear                  ;Électrique     ;Electric       ;  6152.7385983        ;GWh   ;Nette                    ;Net
316 ; 2019 ;Groupe EDF          ;EDF group       ;République populaire de Chine ;People's Republic of China ;Nucléaire      ;Nuclear                  ;Électrique     ;Electric       ;  4851.0              ;GWh   ;Nette                    ;Net
317 ; 2019 ;Groupe EDF          ;EDF group       ;France                        ;France                     ;Nucléaire      ;Nuclear                  ;Électrique     ;Electric       ;368131.21913          ;GWh   ;Nette                    ;Net
318 ; 2019 ;Groupe EDF          ;EDF group       ;Royaume-Uni                   ;United Kingdom             ;Nucléaire      ;Nuclear                  ;Électrique     ;Electric       ; 40825.6704           ;GWh   ;Nette                    ;Net
319 ; 2019 ;Groupe EDF          ;EDF group       ;États-Unis                    ;United States of America   ;Nucléaire      ;Nuclear                  ;Électrique     ;Electric       ; 16864.666392         ;GWh   ;Nette                    ;Net
320 ; 2019 ;Groupe EDF          ;EDF group       ;République populaire de Chine ;People's Republic of China ;Charbon        ;Coal                     ;Électrique     ;Electric       ;  9462.06646          ;GWh   ;Nette                    ;Net
321 ; 2019 ;Groupe EDF          ;EDF group       ;France                        ;France                     ;Charbon        ;Coal                     ;Électrique     ;Electric       ;   927.388841333      ;GWh   ;Nette                    ;Net
322 ; 2019 ;Groupe EDF          ;EDF group       ;Pologne                       ;Poland                     ;Charbon        ;Coal                     ;Électrique     ;Electric       ;    22.7432269475     ;GWh   ;Nette                    ;Net
323 ; 2019 ;Groupe EDF          ;EDF group       ;Royaume-Uni                   ;United Kingdom             ;Charbon        ;Coal                     ;Électrique     ;Electric       ;  2570.423            ;GWh   ;Nette                    ;Net
324 ; 2019 ;Groupe EDF          ;EDF group       ;France                        ;France                     ;Fioul          ;Fioul                    ;Électrique     ;Electric       ;  4825.69600362       ;GWh   ;Nette                    ;Net
325 ; 2019 ;Groupe EDF          ;EDF group       ;Chili                         ;Chile                      ;Fioul          ;Fioul                    ;Électrique     ;Electric       ;    19.74325          ;GWh   ;Nette                    ;Net
326 ; 2019 ;Groupe EDF          ;EDF group       ;Belgique                      ;Belgium                    ;Gaz            ;Gas                      ;Électrique     ;Electric       ;  2066.4225343        ;GWh   ;Nette                    ;Net
327 ; 2019 ;Groupe EDF          ;EDF group       ;Brésil                        ;Brazil                     ;Gaz            ;Gas                      ;Électrique     ;Electric       ;  6475.17955          ;GWh   ;Nette                    ;Net
328 ; 2019 ;Groupe EDF          ;EDF group       ;Espagne                       ;Spain                      ;Gaz            ;Gas                      ;Électrique     ;Electric       ;    22.3373743988     ;GWh   ;Nette                    ;Net
329 ; 2019 ;Groupe EDF          ;EDF group       ;France                        ;France                     ;Gaz            ;Gas                      ;Électrique     ;Electric       ; 11978.1062586        ;GWh   ;Nette                    ;Net
330 ; 2019 ;Groupe EDF          ;EDF group       ;Grèce                         ;Greece                     ;Gaz            ;Gas                      ;Électrique     ;Electric       ;  1423.3547           ;GWh   ;Nette                    ;Net
331 ; 2019 ;Groupe EDF          ;EDF group       ;Italie                        ;Italy                      ;Gaz            ;Gas                      ;Électrique     ;Electric       ; 16182.2805906        ;GWh   ;Nette                    ;Net
332 ; 2019 ;Groupe EDF          ;EDF group       ;Royaume-Uni                   ;United Kingdom             ;Gaz            ;Gas                      ;Électrique     ;Electric       ;  6202.273            ;GWh   ;Nette                    ;Net
333 ; 2019 ;Groupe EDF          ;EDF group       ;Viêt Nam                      ;Vietnam                    ;Gaz            ;Gas                      ;Électrique     ;Electric       ;  3031.752375         ;GWh   ;Nette                    ;Net
334 ; 2019 ;Groupe EDF          ;EDF group       ;Pays-Bas                      ;Netherlands                ;Gaz            ;Gas                      ;Électrique     ;Electric       ;  2395.4              ;GWh   ;Nette                    ;Net
335 ; 2019 ;Groupe EDF          ;EDF group       ;Chili                         ;Chile                      ;Gaz            ;Gas                      ;Électrique     ;Electric       ;   433.024            ;GWh   ;Nette                    ;Net
336 ; 2019 ;Groupe EDF          ;EDF group       ;Belgique                      ;Belgium                    ;Hydraulique    ;Hydraulic                ;Électrique     ;Electric       ;   137.5708939        ;GWh   ;Nette                    ;Net
337 ; 2019 ;Groupe EDF          ;EDF group       ;Brésil                        ;Brazil                     ;Hydraulique    ;Hydraulic                ;Électrique     ;Electric       ;   144.73477986       ;GWh   ;Nette                    ;Net
338 ; 2019 ;Groupe EDF          ;EDF group       ;France                        ;France                     ;Hydraulique    ;Hydraulic                ;Électrique     ;Electric       ; 41336.8801009        ;GWh   ;Nette                    ;Net
339 ; 2019 ;Groupe EDF          ;EDF group       ;Italie                        ;Italy                      ;Hydraulique    ;Hydraulic                ;Électrique     ;Electric       ;  2844.35637225       ;GWh   ;Nette                    ;Net
340 ; 2019 ;Groupe EDF          ;EDF group       ;Suisse                        ;Switzerland                ;Hydraulique    ;Hydraulic                ;Électrique     ;Electric       ;   273.28878          ;GWh   ;Nette                    ;Net
341 ; 2019 ;Groupe EDF          ;EDF group       ;Laos                          ;Laos                       ;Hydraulique    ;Hydraulic                ;Électrique     ;Electric       ;  2026.4              ;GWh   ;Nette                    ;Net
342 ; 2019 ;Groupe EDF          ;EDF group       ;Afrique du Sud                ;South Africa               ;Éolienne       ;Wind                     ;Électrique     ;Electric       ;   336.46             ;GWh   ;Nette                    ;Net
343 ; 2019 ;Groupe EDF          ;EDF group       ;Allemagne                     ;Germany                    ;Éolienne       ;Wind                     ;Électrique     ;Electric       ;   280.879            ;GWh   ;Nette                    ;Net
344 ; 2019 ;Groupe EDF          ;EDF group       ;Belgique                      ;Belgium                    ;Éolienne       ;Wind                     ;Électrique     ;Electric       ;   408.410352         ;GWh   ;Nette                    ;Net
345 ; 2019 ;Groupe EDF          ;EDF group       ;Brésil                        ;Brazil                     ;Éolienne       ;Wind                     ;Électrique     ;Electric       ;   829.594            ;GWh   ;Nette                    ;Net
346 ; 2019 ;Groupe EDF          ;EDF group       ;Canada                        ;Canada                     ;Éolienne       ;Wind                     ;Électrique     ;Electric       ;  1932.182            ;GWh   ;Nette                    ;Net
347 ; 2019 ;Groupe EDF          ;EDF group       ;République populaire de Chine ;People's Republic of China ;Éolienne       ;Wind                     ;Électrique     ;Electric       ;   244.039            ;GWh   ;Nette                    ;Net
348 ; 2019 ;Groupe EDF          ;EDF group       ;France                        ;France                     ;Éolienne       ;Wind                     ;Électrique     ;Electric       ;  3230.9025686        ;GWh   ;Nette                    ;Net
349 ; 2019 ;Groupe EDF          ;EDF group       ;Grèce                         ;Greece                     ;Éolienne       ;Wind                     ;Électrique     ;Electric       ;   521.497            ;GWh   ;Nette                    ;Net
350 ; 2019 ;Groupe EDF          ;EDF group       ;Inde                          ;India                      ;Éolienne       ;Wind                     ;Électrique     ;Electric       ;   305.601            ;GWh   ;Nette                    ;Net
351 ; 2019 ;Groupe EDF          ;EDF group       ;Italie                        ;Italy                      ;Éolienne       ;Wind                     ;Électrique     ;Electric       ;   776.555065521      ;GWh   ;Nette                    ;Net
352 ; 2019 ;Groupe EDF          ;EDF group       ;Mexique                       ;Mexico                     ;Éolienne       ;Wind                     ;Électrique     ;Electric       ;   651.906            ;GWh   ;Nette                    ;Net
353 ; 2019 ;Groupe EDF          ;EDF group       ;Portugal                      ;Portugal                   ;Éolienne       ;Wind                     ;Électrique     ;Electric       ;   513.2              ;GWh   ;Nette                    ;Net
354 ; 2019 ;Groupe EDF          ;EDF group       ;Turquie                       ;Turkey                     ;Éolienne       ;Wind                     ;Électrique     ;Electric       ;   749.158            ;GWh   ;Nette                    ;Net
355 ; 2019 ;Groupe EDF          ;EDF group       ;Royaume-Uni                   ;United Kingdom             ;Éolienne       ;Wind                     ;Électrique     ;Electric       ;  2046.99             ;GWh   ;Nette                    ;Net
356 ; 2019 ;Groupe EDF          ;EDF group       ;États-Unis                    ;United States of America   ;Éolienne       ;Wind                     ;Électrique     ;Electric       ;  8951.568            ;GWh   ;Nette                    ;Net
357 ; 2019 ;Groupe EDF          ;EDF group       ;Chili                         ;Chile                      ;Éolienne       ;Wind                     ;Électrique     ;Electric       ;   178.9              ;GWh   ;Nette                    ;Net
358 ; 2019 ;Groupe EDF          ;EDF group       ;Maroc                         ;Morocco                    ;Éolienne       ;Wind                     ;Électrique     ;Electric       ;    73.533            ;GWh   ;Nette                    ;Net
359 ; 2019 ;Groupe EDF          ;EDF group       ;Belgique                      ;Belgium                    ;Solaire        ;Solar                    ;Électrique     ;Electric       ;     1.081684293      ;GWh   ;Nette                    ;Net
360 ; 2019 ;Groupe EDF          ;EDF group       ;Brésil                        ;Brazil                     ;Solaire        ;Solar                    ;Électrique     ;Electric       ;   415.5              ;GWh   ;Nette                    ;Net
361 ; 2019 ;Groupe EDF          ;EDF group       ;Canada                        ;Canada                     ;Solaire        ;Solar                    ;Électrique     ;Electric       ;    58.3817539074     ;GWh   ;Nette                    ;Net
362 ; 2019 ;Groupe EDF          ;EDF group       ;République populaire de Chine ;People's Republic of China ;Solaire        ;Solar                    ;Électrique     ;Electric       ;    93.16             ;GWh   ;Nette                    ;Net
363 ; 2019 ;Groupe EDF          ;EDF group       ;Espagne                       ;Spain                      ;Solaire        ;Solar                    ;Électrique     ;Electric       ;     0.14995888605    ;GWh   ;Nette                    ;Net
364 ; 2019 ;Groupe EDF          ;EDF group       ;France                        ;France                     ;Solaire        ;Solar                    ;Électrique     ;Electric       ;   260.210142955      ;GWh   ;Nette                    ;Net
365 ; 2019 ;Groupe EDF          ;EDF group       ;Grèce                         ;Greece                     ;Solaire        ;Solar                    ;Électrique     ;Electric       ;    18.645            ;GWh   ;Nette                    ;Net
366 ; 2019 ;Groupe EDF          ;EDF group       ;Inde                          ;India                      ;Solaire        ;Solar                    ;Électrique     ;Electric       ;   169.427            ;GWh   ;Nette                    ;Net
367 ; 2019 ;Groupe EDF          ;EDF group       ;Israël                        ;Israel                     ;Solaire        ;Solar                    ;Électrique     ;Electric       ;   398.586            ;GWh   ;Nette                    ;Net
368 ; 2019 ;Groupe EDF          ;EDF group       ;Italie                        ;Italy                      ;Solaire        ;Solar                    ;Électrique     ;Electric       ;   108.838322324      ;GWh   ;Nette                    ;Net
369 ; 2019 ;Groupe EDF          ;EDF group       ;Mexique                       ;Mexico                     ;Solaire        ;Solar                    ;Électrique     ;Electric       ;   122.161            ;GWh   ;Nette                    ;Net
370 ; 2019 ;Groupe EDF          ;EDF group       ;Turquie                       ;Turkey                     ;Solaire        ;Solar                    ;Électrique     ;Electric       ;     5.6              ;GWh   ;Nette                    ;Net
371 ; 2019 ;Groupe EDF          ;EDF group       ;États-Unis                    ;United States of America   ;Solaire        ;Solar                    ;Électrique     ;Electric       ;   418.635            ;GWh   ;Nette                    ;Net
372 ; 2019 ;Groupe EDF          ;EDF group       ;Chili                         ;Chile                      ;Solaire        ;Solar                    ;Électrique     ;Electric       ;   281.9              ;GWh   ;Nette                    ;Net
373 ; 2019 ;Groupe EDF          ;EDF group       ;Émirats arabes unis           ;United Arab Emirates       ;Solaire        ;Solar                    ;Électrique     ;Electric       ;   134.1              ;GWh   ;Nette                    ;Net
374 ; 2019 ;Groupe EDF          ;EDF group       ;Autres pays                   ;Various countries          ;Solaire        ;Solar                    ;Électrique     ;Electric       ;    47.3              ;GWh   ;Nette                    ;Net
375 ; 2019 ;Groupe EDF          ;EDF group       ;France                        ;France                     ;Géothermie     ;Geothermal               ;Électrique     ;Electric       ;     3.714016         ;GWh   ;Nette                    ;Net
376 ; 2019 ;Groupe EDF          ;EDF group       ;France                        ;France                     ;Biomasse       ;Biomass                  ;Électrique     ;Electric       ;  1044.1894516        ;GWh   ;Nette                    ;Net
377 ; 2019 ;Groupe EDF          ;EDF group       ;Royaume-Uni                   ;United Kingdom             ;Biomasse       ;Biomass                  ;Électrique     ;Electric       ;    28.4099438        ;GWh   ;Nette                    ;Net
378 ; 2019 ;Groupe EDF          ;EDF group       ;États-Unis                    ;United States of America   ;Biomasse       ;Biomass                  ;Électrique     ;Electric       ;   180.826            ;GWh   ;Nette                    ;Net
379 ; 2019 ;Groupe EDF          ;EDF group       ;France                        ;France                     ;Énergie marine ;Marine energy            ;Électrique     ;Electric       ;   531.652            ;GWh   ;Nette                    ;Net
380 ; 2019 ;Groupe EDF          ;EDF group       ;France                        ;France                     ;Divers         ;Various                  ;Électrique     ;Electric       ;   264.5941482        ;GWh   ;Nette                    ;Net
381 ; 2019 ;Groupe EDF          ;EDF group       ;Italie                        ;Italy                      ;Divers         ;Various                  ;Électrique     ;Electric       ;    32.4342835        ;GWh   ;Nette                    ;Net
382 ; 2019 ;Groupe EDF          ;EDF group       ;Pologne                       ;Poland                     ;Divers         ;Various                  ;Électrique     ;Electric       ;    97.9771784        ;GWh   ;Nette                    ;Net
383 ; 2019 ;Groupe EDF          ;EDF group       ;France                        ;France                     ;Charbon        ;Coal                     ;Chaleur        ;Heat           ;    94.1075016        ;GWh   ;Nette                    ;Net
384 ; 2019 ;Groupe EDF          ;EDF group       ;Pologne                       ;Poland                     ;Charbon        ;Coal                     ;Chaleur        ;Heat           ;   886.866425866      ;GWh   ;Nette                    ;Net
385 ; 2019 ;Groupe EDF          ;EDF group       ;France                        ;France                     ;Fioul          ;Fioul                    ;Chaleur        ;Heat           ;   266.7828342        ;GWh   ;Nette                    ;Net
386 ; 2019 ;Groupe EDF          ;EDF group       ;Belgique                      ;Belgium                    ;Gaz            ;Gas                      ;Chaleur        ;Heat           ;    44.576756627      ;GWh   ;Nette                    ;Net
387 ; 2019 ;Groupe EDF          ;EDF group       ;Espagne                       ;Spain                      ;Gaz            ;Gas                      ;Chaleur        ;Heat           ;    20.4557295        ;GWh   ;Nette                    ;Net
388 ; 2019 ;Groupe EDF          ;EDF group       ;France                        ;France                     ;Gaz            ;Gas                      ;Chaleur        ;Heat           ; 14395.6913996        ;GWh   ;Nette                    ;Net
389 ; 2019 ;Groupe EDF          ;EDF group       ;Italie                        ;Italy                      ;Gaz            ;Gas                      ;Chaleur        ;Heat           ;  2826.82207372       ;GWh   ;Nette                    ;Net
390 ; 2019 ;Groupe EDF          ;EDF group       ;France                        ;France                     ;Divers         ;Various                  ;Chaleur        ;Heat           ;  3069.10743          ;GWh   ;Nette                    ;Net
391 ; 2019 ;Groupe EDF          ;EDF group       ;Pologne                       ;Poland                     ;Divers         ;Various                  ;Chaleur        ;Heat           ;   185.5695914        ;GWh   ;Nette                    ;Net
392 ; 2019 ;Groupe EDF          ;EDF group       ;Royaume-Uni                   ;United Kingdom             ;Divers         ;Various                  ;Chaleur        ;Heat           ;     1.5710568        ;GWh   ;Nette                    ;Net
393 ; 2019 ;Groupe EDF          ;EDF group       ;France                        ;France                     ;Autres ENR     ;Other Renewable Energies ;Chaleur        ;Heat           ;  8479.3125536        ;GWh   ;Nette                    ;Net
394 ; 2019 ;Groupe EDF          ;EDF group       ;Italie                        ;Italy                      ;Autres ENR     ;Other Renewable Energies ;Chaleur        ;Heat           ;    28.6201900939     ;GWh   ;Nette                    ;Net
395 ; 2019 ;Groupe EDF          ;EDF group       ;Royaume-Uni                   ;United Kingdom             ;Autres ENR     ;Other Renewable Energies ;Chaleur        ;Heat           ;     1.5710568        ;GWh   ;Nette                    ;Net
